Stock Code,Real Time Available Volume for SBL Short Sales,Last Modify,
"0050" TT,"978164",""
"0051" TT,"30989",""
"0052" TT,"2003",""
"0053" TT,"5949",""
"0054" TT,"9309",""
"0055" TT,"23720",""
"0056" TT,"494221",""
"0057" TT,"1989",""
"0058" TT,"1304",""
"0059" TT,"6515",""
"0061" TT,"1044709",""
"006201" TT,"27190",""
"006203" TT,"240",""
"006204" TT,"1576",""
"006205" TT,"1258599",""
"006206" TT,"433215",""
"006207" TT,"486215",""
"006208" TT,"4135",""
"00631L" TT,"706311",""
"00632R" TT,"12075534",""
"00633L" TT,"9481234",""
"00634R" TT,"431378",""
"00635U" TT,"428709",""
"00636" TT,"1345719",""
"00637L" TT,"22737093",""
"00638R" TT,"39459",""
"00639" TT,"1712171",""
"00640L" TT,"288201",""
"00641R" TT,"244980",""
"00642U" TT,"1566969",""
"00643" TT,"987079",""
"00645" TT,"29529",""
"00646" TT,"28391",""
"00647L" TT,"1940",""
"00648R" TT,"258113",""
"00649" TT,"40749",""
"00650L" TT,"244969",""
"00651R" TT,"83899",""
"00652" TT,"53850",""
"00653L" TT,"221712",""
"00654R" TT,"59040",""
"00655L" TT,"2429337",""
"00656R" TT,"32829",""
"00657" TT,"5730",""
"00658L" TT,"14319",""
"00659R" TT,"27690",""
"00660" TT,"11095",""
"00661" TT,"630",""
"00662" TT,"38159",""
"00663L" TT,"172260",""
"00664R" TT,"219311","13:29:45.45"
"00665L" TT,"437220",""
"00666R" TT,"52899",""
"00667" TT,"6693",""
"00668" TT,"4670",""
"00669R" TT,"107349",""
"00670L" TT,"166770",""
"00671R" TT,"246360",""
"00672L" TT,"5349444","13:26:32.17"
"00673R" TT,"1216312",""
"00674R" TT,"34650",""
"00675L" TT,"469133",""
"00676R" TT,"56483","13:29:51.49"
"00677U" TT,"5204102","13:03:05.34"
"00678" TT,"60638",""
"00679B" TT,"570160",""
"00680L" TT,"6690",""
"00681R" TT,"5340",""
"00682U" TT,"9835",""
"00683L" TT,"123579",""
"00684R" TT,"1500",""
"00685L" TT,"80269",""
"00686R" TT,"747069",""
"00687B" TT,"167929",""
"00688L" TT,"14010",""
"00689R" TT,"3259",""
"00690" TT,"212146",""
"00691R" TT,"7189",""
"00692" TT,"342106",""
"00693U" TT,"197600",""
"00694B" TT,"518171",""
"00695B" TT,"476262",""
"00696B" TT,"418100",""
"00697B" TT,"556339",""
"00698L" TT,"285589",""
"00699R" TT,"270379",""
"00700" TT,"166388",""
"00701" TT,"1402899",""
"00702" TT,"562485",""
"00703" TT,"198463",""
"00704L" TT,"242863",""
"00705R" TT,"332727",""
"00709" TT,"59550",""
"00710B" TT,"8700",""
"00711B" TT,"11700",""
"00712" TT,"9375",""
"008201" TT,"1450",""
"1101" TT,"168","13:28:51.77"
"1102" TT,"733887","13:29:24.99"
"1103" TT,"124130",""
"1104" TT,"62662","13:23:55.97"
"1108" TT,"103528",""
"1109" TT,"30577",""
"1110" TT,"349693",""
"1201" TT,"192024",""
"1203" TT,"13896","13:23:48.89"
"1210" TT,"531419","13:29:03.78"
"1213" TT,"13591",""
"1215" TT,"819829","13:29:20.84"
"1216" TT,"1446183","13:29:47.80"
"1217" TT,"742281","13:25:05.26"
"1218" TT,"1304142","13:29:15.04"
"1219" TT,"25455",""
"1220" TT,"24262",""
"1225" TT,"24798",""
"1227" TT,"62646","13:29:22.99"
"1229" TT,"427272","13:29:35.07"
"1231" TT,"78936",""
"1232" TT,"16428","13:29:19.94"
"1233" TT,"20572",""
"1234" TT,"45651",""
"1235" TT,"46918",""
"1236" TT,"5435",""
"1256" TT,"25624",""
"1258" TT,"8144",""
"1259" TT,"6936",""
"1262" TT,"780972","14:53:49.75"
"1264" TT,"13310",""
"1301" TT,"1075405","13:32:50.98"
"1303" TT,"1895534","13:32:50.49"
"1304" TT,"349901","13:29:11.93"
"1305" TT,"1419960","13:24:06.21"
"1307" TT,"45936",""
"1308" TT,"199379","13:23:56.16"
"1309" TT,"599536","13:24:12.19"
"1310" TT,"335778","13:29:23.93"
"1312" TT,"3874698","13:24:47.16"
"1313" TT,"803333","13:29:21.86"
"1314" TT,"2760150","16:43:59.56"
"1315" TT,"12992",""
"1316" TT,"118029","09:32:25.46"
"1319" TT,"780266","13:29:13.86"
"1321" TT,"145787","13:24:24.59"
"1323" TT,"80628",""
"1324" TT,"26332",""
"1325" TT,"10716",""
"1326" TT,"872362","13:24:41.21"
"1333" TT,"0",""
"1336" TT,"555130",""
"1337" TT,"406666","13:23:47.63"
"1338" TT,"269455","13:24:49.20"
"1339" TT,"63523",""
"1340" TT,"237194",""
"1402" TT,"600763","13:32:53.08"
"1409" TT,"354327","13:29:23.78"
"1410" TT,"20574",""
"1414" TT,"110256",""
"1416" TT,"147542","13:27:33.73"
"1417" TT,"103933",""
"1419" TT,"16809",""
"1423" TT,"26152",""
"1432" TT,"66256",""
"1434" TT,"197577","13:25:05.20"
"1436" TT,"21429",""
"1437" TT,"28562",""
"1439" TT,"65651","13:23:53.16"
"1440" TT,"371011","13:29:16.72"
"1442" TT,"80040",""
"1444" TT,"4758856","13:32:09.05"
"1445" TT,"28510",""
"1446" TT,"27186",""
"1447" TT,"466821","13:29:13.87"
"1451" TT,"79521","13:24:16.55"
"1452" TT,"275054","13:24:32.35"
"1453" TT,"22150",""
"1454" TT,"28365",""
"1455" TT,"778168","13:29:02.98"
"1456" TT,"14668",""
"1457" TT,"330607","13:29:16.73"
"1459" TT,"45779","13:24:11.87"
"1460" TT,"234567",""
"1463" TT,"344837","13:24:29.07"
"1464" TT,"235370","13:24:10.12"
"1465" TT,"10618",""
"1466" TT,"21910",""
"1467" TT,"71075",""
"1470" TT,"31026",""
"1473" TT,"57870",""
"1474" TT,"90685",""
"1476" TT,"431247","13:25:54.97"
"1477" TT,"373811","13:32:51.10"
"1503" TT,"34408","13:23:32.84"
"1504" TT,"599005","13:32:51.05"
"1506" TT,"223298",""
"1507" TT,"81433","13:24:40.38"
"1513" TT,"337316","13:29:10.65"
"1514" TT,"298805",""
"1515" TT,"1589169",""
"1516" TT,"11944",""
"1517" TT,"215799",""
"1519" TT,"533371","13:24:45.49"
"1521" TT,"40383",""
"1522" TT,"307950","13:29:11.16"
"1524" TT,"229435",""
"1525" TT,"31376",""
"1526" TT,"511625","09:05:20.73"
"1527" TT,"323153","13:29:16.84"
"1528" TT,"324157",""
"1530" TT,"13618",""
"1531" TT,"120761",""
"1532" TT,"218202","13:29:19.91"
"1533" TT,"26898",""
"1535" TT,"10802","13:23:55.26"
"1536" TT,"447489","13:29:28.07"
"1537" TT,"83327","13:29:25.87"
"1539" TT,"49326",""
"1540" TT,"55432",""
"1541" TT,"41568",""
"1558" TT,"41601","13:27:31.33"
"1560" TT,"612998","13:24:33.25"
"1565" TT,"93471","13:25:38.36"
"1566" TT,"86591",""
"1568" TT,"498640","13:25:30.20"
"1569" TT,"978541","13:29:01.82"
"1570" TT,"41435",""
"1580" TT,"45579",""
"1582" TT,"273411","13:29:25.86"
"1583" TT,"9063",""
"1584" TT,"202332",""
"1586" TT,"377403","13:24:59.29"
"1589" TT,"225050","13:26:15.17"
"1590" TT,"239784","13:26:00.12"
"1592" TT,"93015",""
"1593" TT,"15611",""
"1595" TT,"89359",""
"1597" TT,"1164724",""
"1598" TT,"31640",""
"1599" TT,"34719",""
"1603" TT,"28344","13:29:25.89"
"1604" TT,"216707","13:23:50.79"
"1605" TT,"3166084","13:29:16.28"
"1608" TT,"844896","13:24:24.16"
"1609" TT,"1576324","13:29:17.74"
"1611" TT,"163539",""
"1612" TT,"389877",""
"1614" TT,"10031","13:23:38.21"
"1615" TT,"60416",""
"1617" TT,"209598",""
"1618" TT,"82900",""
"1626" TT,"24554","13:24:04.03"
"1701" TT,"82614","13:29:16.94"
"1702" TT,"136748","13:24:35.31"
"1704" TT,"574835","13:24:41.12"
"1707" TT,"144101","13:25:54.18"
"1708" TT,"508179","13:24:54.47"
"1709" TT,"353256","13:08:08.70"
"1710" TT,"1982345",""
"1711" TT,"121057","13:29:13.77"
"1712" TT,"525496","13:24:43.33"
"1713" TT,"9839",""
"1714" TT,"638522","13:29:26.75"
"1715" TT,"140062","13:23:59.92"
"1717" TT,"209395","13:29:10.82"
"1718" TT,"1454067","13:24:35.32"
"1720" TT,"92195","13:28:18.53"
"1721" TT,"58125",""
"1722" TT,"361062","13:32:55.11"
"1723" TT,"64254","13:22:45.16"
"1724" TT,"24073",""
"1725" TT,"6799",""
"1726" TT,"23678",""
"1727" TT,"27876",""
"1730" TT,"51776",""
"1731" TT,"24040",""
"1733" TT,"37856","13:29:24.71"
"1734" TT,"36171","13:23:59.56"
"1735" TT,"14553",""
"1736" TT,"90870","13:24:22.01"
"1737" TT,"65113","13:29:22.89"
"1742" TT,"0",""
"1752" TT,"62428","13:24:06.63"
"1762" TT,"25698","13:24:02.93"
"1773" TT,"25024",""
"1776" TT,"4108",""
"1777" TT,"13512",""
"1781" TT,"0",""
"1783" TT,"33380",""
"1784" TT,"173332","13:17:52.25"
"1785" TT,"927470",""
"1786" TT,"33146",""
"1787" TT,"42840",""
"1788" TT,"5283",""
"1789" TT,"267459","13:25:23.48"
"1795" TT,"139022","13:25:03.35"
"1799" TT,"54603",""
"1802" TT,"1382592","13:32:54.53"
"1806" TT,"96180",""
"1808" TT,"111195","13:29:04.71"
"1809" TT,"269932",""
"1810" TT,"139140",""
"1813" TT,"8794",""
"1815" TT,"3270919","13:29:09.72"
"1817" TT,"49556",""
"1902" TT,"370137","12:08:02.18"
"1903" TT,"13312",""
"1904" TT,"2418844","13:29:18.68"
"1905" TT,"884264","13:24:41.48"
"1906" TT,"533941","13:29:08.05"
"1907" TT,"562005","13:29:02.83"
"1909" TT,"2836306","13:29:00.59"
"2002" TT,"4080716","13:29:10.87"
"2006" TT,"285564","13:29:17.95"
"2008" TT,"15281",""
"2010" TT,"74335","13:23:38.15"
"2012" TT,"27455",""
"2013" TT,"26312",""
"2014" TT,"4305608",""
"2015" TT,"72304","13:29:01.94"
"2017" TT,"218685",""
"2020" TT,"128923",""
"2023" TT,"700","13:25:00.86"
"2024" TT,"67434",""
"2027" TT,"468841","13:24:27.22"
"2029" TT,"366295","13:24:19.13"
"2030" TT,"1556311","13:29:16.53"
"2031" TT,"2008378","13:29:26.92"
"2032" TT,"89633",""
"2033" TT,"14867",""
"2034" TT,"482863","13:24:33.08"
"2035" TT,"2007",""
"2038" TT,"108618",""
"2049" TT,"1335678","13:25:06.43"
"2059" TT,"262","13:29:47.66"
"2062" TT,"134898","13:29:10.75"
"2063" TT,"5857",""
"2064" TT,"4986",""
"2066" TT,"17293",""
"2069" TT,"322592",""
"2101" TT,"76906","13:29:11.83"
"2102" TT,"55252","13:29:01.74"
"2103" TT,"39","13:25:37.13"
"2104" TT,"808112","13:29:16.47"
"2105" TT,"330270","13:29:12.11"
"2106" TT,"33367","13:29:23.11"
"2107" TT,"110977",""
"2108" TT,"196587","13:24:05.91"
"2109" TT,"88927",""
"2114" TT,"13587","13:23:44.15"
"2115" TT,"31180",""
"2201" TT,"211596","13:32:55.95"
"2204" TT,"396019","13:24:59.48"
"2206" TT,"426309",""
"2207" TT,"42493","13:21:39.16"
"2208" TT,"68030","13:29:28.02"
"2221" TT,"123739",""
"2227" TT,"74525",""
"2228" TT,"110797","13:24:57.44"
"2230" TT,"42917",""
"2231" TT,"141986","13:24:45.07"
"2233" TT,"385249","13:29:34.73"
"2235" TT,"9481",""
"2236" TT,"44775",""
"2239" TT,"89174",""
"2301" TT,"2484209","13:24:59.78"
"2303" TT,"450639","13:29:35.41"
"2308" TT,"962128","13:29:10.51"
"2311" TT,"4711170","13:24:37.44"
"2312" TT,"867829","13:29:23.21"
"2313" TT,"5518744","13:29:30.87"
"2314" TT,"1424947","13:25:03.58"
"2316" TT,"521043","13:24:42.36"
"2317" TT,"9685576","13:29:22.36"
"2323" TT,"1303786","13:29:27.03"
"2324" TT,"2676457","13:32:08.19"
"2325" TT,"409019","13:24:02.11"
"2327" TT,"568010","13:28:08.06"
"2328" TT,"2836947",""
"2330" TT,"5964811","13:29:10.18"
"2331" TT,"290427","13:24:27.42"
"2332" TT,"693306","13:29:01.75"
"2338" TT,"529690","13:24:21.34"
"2340" TT,"936522","13:29:23.79"
"2344" TT,"16666937","13:27:19.80"
"2345" TT,"1676336","13:29:00.60"
"2347" TT,"665774","13:29:24.88"
"2348" TT,"21016",""
"2349" TT,"909942",""
"2351" TT,"680559","13:24:59.92"
"2352" TT,"4486674","13:25:41.05"
"2353" TT,"1446735","13:29:35.31"
"2354" TT,"2305412","13:29:16.61"
"2355" TT,"327448","13:24:30.37"
"2356" TT,"3522584","13:29:12.14"
"2357" TT,"342555","13:29:51.57"
"2359" TT,"668977","13:29:22.96"
"2360" TT,"252401","13:29:08.08"
"2362" TT,"161293","13:14:02.76"
"2363" TT,"647282","13:29:08.96"
"2365" TT,"88638","13:24:01.69"
"2367" TT,"805112","13:24:57.25"
"2368" TT,"957533","13:29:10.91"
"2369" TT,"655039","13:29:09.90"
"2371" TT,"4775260","12:40:02.77"
"2374" TT,"189370","13:29:20.84"
"2375" TT,"285130",""
"2376" TT,"488213","13:29:06.87"
"2377" TT,"1440054","13:29:25.50"
"2379" TT,"338040","13:29:12.27"
"2380" TT,"80900",""
"2382" TT,"1806330","13:29:10.76"
"2383" TT,"569298","13:32:28.48"
"2385" TT,"184715","13:32:18.64"
"2387" TT,"256206","13:24:56.35"
"2390" TT,"140412",""
"2392" TT,"257130","13:24:53.05"
"2393" TT,"416660","13:25:00.10"
"2395" TT,"199160","13:29:25.60"
"2397" TT,"69114","13:24:51.37"
"2399" TT,"1433053","09:27:23.27"
"2401" TT,"3029428","13:29:16.25"
"2402" TT,"684065","13:28:00.75"
"2404" TT,"289146","13:29:08.71"
"2405" TT,"5251333","13:19:53.95"
"2406" TT,"700055","13:29:22.98"
"2408" TT,"1991490","13:30:05.73"
"2409" TT,"0",""
"2412" TT,"1955193","13:29:22.09"
"2413" TT,"231103","09:27:23.33"
"2414" TT,"52384",""
"2417" TT,"300562","09:27:23.29"
"2419" TT,"767563","13:29:27.67"
"2420" TT,"128078",""
"2421" TT,"1330807","13:44:36.45"
"2423" TT,"71100",""
"2424" TT,"568",""
"2425" TT,"111224","09:29:33.18"
"2426" TT,"428121","13:29:05.96"
"2427" TT,"210112","13:25:00.29"
"2428" TT,"552570",""
"2430" TT,"34262","13:23:59.96"
"2431" TT,"187143","09:27:23.33"
"2433" TT,"11981",""
"2436" TT,"1028590","13:24:21.16"
"2439" TT,"1881177","13:18:36.52"
"2441" TT,"334884","13:29:16.39"
"2442" TT,"311861",""
"2443" TT,"32817",""
"2444" TT,"1497798","11:47:44.50"
"2448" TT,"3221350","13:29:59.62"
"2449" TT,"681111","13:29:16.45"
"2450" TT,"90811","13:29:16.73"
"2451" TT,"95903","13:29:00.37"
"2453" TT,"232202",""
"2454" TT,"2498142","13:29:25.57"
"2455" TT,"721239","13:29:35.36"
"2456" TT,"751016","13:29:22.96"
"2457" TT,"590594","13:24:42.06"
"2458" TT,"1300509","09:22:45.64"
"2459" TT,"27351","13:29:11.73"
"2460" TT,"110108","09:27:23.31"
"2461" TT,"252439","13:25:00.44"
"2462" TT,"120706",""
"2464" TT,"948308","13:25:00.45"
"2466" TT,"23329","13:23:55.15"
"2467" TT,"722490","13:24:56.34"
"2468" TT,"11769",""
"2471" TT,"45525",""
"2472" TT,"359627","13:24:35.14"
"2474" TT,"1463599","13:25:00.49"
"2476" TT,"69210",""
"2477" TT,"496236","13:24:54.30"
"2478" TT,"183582","13:24:13.66"
"2481" TT,"1356894","13:29:05.86"
"2482" TT,"32294",""
"2483" TT,"63253",""
"2484" TT,"283039",""
"2485" TT,"559054","13:29:25.40"
"2486" TT,"1061964","13:24:16.05"
"2488" TT,"77801","13:29:15.70"
"2489" TT,"474899","13:32:05.38"
"2492" TT,"1169278",""
"2493" TT,"54510",""
"2495" TT,"57037","13:29:03.78"
"2496" TT,"90613",""
"2497" TT,"375","12:15:08.29"
"2498" TT,"481","13:22:44.17"
"2499" TT,"604459","13:29:21.75"
"2501" TT,"282693",""
"2504" TT,"299227","13:29:16.73"
"2505" TT,"75921","13:30:40.29"
"2506" TT,"14368","13:23:59.02"
"2509" TT,"25391","13:23:36.31"
"2511" TT,"409479","13:29:20.75"
"2514" TT,"100630","13:23:36.29"
"2515" TT,"745903","13:29:18.79"
"2516" TT,"229250",""
"2520" TT,"409307","13:29:09.88"
"2524" TT,"13200",""
"2527" TT,"46279","13:24:07.41"
"2528" TT,"340889",""
"2530" TT,"53276",""
"2534" TT,"754607","13:24:49.35"
"2535" TT,"191728",""
"2536" TT,"129808","13:28:53.32"
"2537" TT,"100019",""
"2538" TT,"115998","13:29:07.95"
"2539" TT,"51268",""
"2540" TT,"17216",""
"2542" TT,"725393","15:08:37.81"
"2543" TT,"7762",""
"2545" TT,"32139","13:29:28.02"
"2546" TT,"52196",""
"2547" TT,"231906",""
"2548" TT,"254273","13:23:11.53"
"2596" TT,"39168",""
"2597" TT,"12138",""
"2601" TT,"1456749","13:24:24.82"
"2603" TT,"8477156","13:25:04.43"
"2605" TT,"603043","13:29:24.96"
"2606" TT,"959327","13:25:06.26"
"2607" TT,"545959","13:29:12.85"
"2608" TT,"27351","13:29:04.88"
"2609" TT,"3471508","13:29:19.69"
"2610" TT,"7559372",""
"2611" TT,"79685",""
"2612" TT,"152714","13:24:23.42"
"2613" TT,"60058",""
"2615" TT,"956113","13:26:15.23"
"2616" TT,"167533","13:24:02.78"
"2617" TT,"314500",""
"2618" TT,"2848696","13:29:25.66"
"2633" TT,"2156060",""
"2634" TT,"393462","09:01:20.02"
"2636" TT,"254562","13:24:56.04"
"2637" TT,"172950","13:29:26.90"
"2640" TT,"78964",""
"2641" TT,"255839",""
"2642" TT,"227669",""
"2701" TT,"24597",""
"2702" TT,"4672",""
"2704" TT,"21547","13:23:52.61"
"2705" TT,"83666","13:23:48.98"
"2706" TT,"36910","13:23:39.21"
"2707" TT,"72124","10:24:52.25"
"2712" TT,"1419",""
"2719" TT,"0",""
"2722" TT,"3217",""
"2723" TT,"89469","13:28:58.06"
"2726" TT,"60478",""
"2727" TT,"133503","13:28:56.74"
"2731" TT,"85766",""
"2732" TT,"40984",""
"2734" TT,"110737",""
"2736" TT,"4583",""
"2739" TT,"58821",""
"2748" TT,"93785",""
"2801" TT,"2114192","13:24:39.40"
"2809" TT,"320051","13:24:40.46"
"2812" TT,"2108775","13:29:16.59"
"2816" TT,"65272","13:24:01.82"
"2820" TT,"322742","13:29:13.88"
"2823" TT,"3108846","13:23:41.58"
"2832" TT,"48569","13:23:35.73"
"2834" TT,"2757201","13:29:25.21"
"2836" TT,"218375","13:29:23.67"
"2838" TT,"328090","13:23:58.25"
"2841" TT,"330460","13:29:03.17"
"2845" TT,"1366588","13:29:03.86"
"2849" TT,"14029","13:12:33.17"
"2850" TT,"45887",""
"2851" TT,"38805","13:23:54.10"
"2852" TT,"116145",""
"2855" TT,"192287","13:23:58.06"
"2856" TT,"197236","13:24:08.19"
"2867" TT,"719225","09:01:19.84"
"2880" TT,"3868849","13:25:35.99"
"2881" TT,"3381019","13:32:50.01"
"2882" TT,"2399792","13:12:56.91"
"2883" TT,"9964532","13:29:24.68"
"2884" TT,"8215184","13:29:11.81"
"2885" TT,"4210789","13:32:52.71"
"2886" TT,"4243686","13:29:23.71"
"2887" TT,"5603085","13:32:53.73"
"2888" TT,"8311566","13:29:11.39"
"2889" TT,"1067416",""
"2890" TT,"3548309","13:29:12.50"
"2891" TT,"7674367","13:32:52.00"
"2892" TT,"8350565","13:29:11.88"
"2897" TT,"441786",""
"2901" TT,"6862",""
"2903" TT,"439940","13:29:21.88"
"2904" TT,"22030",""
"2905" TT,"267675","13:29:05.84"
"2906" TT,"49558",""
"2908" TT,"250563","13:28:58.78"
"2910" TT,"3132",""
"2911" TT,"94578","13:23:49.82"
"2912" TT,"605181","13:32:53.59"
"2913" TT,"303952","13:29:09.99"
"2915" TT,"841597","13:29:15.31"
"2916" TT,"4021",""
"2923" TT,"12585",""
"2924" TT,"46959",""
"2926" TT,"8692",""
"2928" TT,"57264",""
"2929" TT,"133285","13:24:19.22"
"2936" TT,"25857",""
"3002" TT,"163266",""
"3003" TT,"636935","13:25:00.57"
"3004" TT,"113936",""
"3005" TT,"1444017","13:25:40.43"
"3006" TT,"831566","13:29:25.29"
"3008" TT,"97569","13:29:59.73"
"3010" TT,"91386","13:25:00.61"
"3011" TT,"78505",""
"3013" TT,"177380","13:25:00.62"
"3014" TT,"131790","13:29:18.15"
"3015" TT,"70217","13:23:56.06"
"3016" TT,"627601","13:29:22.85"
"3017" TT,"741263","13:24:21.53"
"3018" TT,"343890",""
"3019" TT,"7463530","12:54:31.14"
"3021" TT,"61187",""
"3022" TT,"314062","13:24:51.86"
"3023" TT,"302255","13:29:04.82"
"3024" TT,"228735",""
"3025" TT,"216650",""
"3026" TT,"143222",""
"3027" TT,"62987","09:27:23.35"
"3028" TT,"83911","13:29:09.90"
"3029" TT,"679847","13:24:54.35"
"3030" TT,"121079","13:24:31.27"
"3031" TT,"497341","13:29:29.65"
"3032" TT,"181152","13:27:56.63"
"3033" TT,"99023","13:25:00.70"
"3034" TT,"282103","13:29:24.03"
"3035" TT,"1607855","13:24:51.29"
"3036" TT,"827898","13:24:42.11"
"3037" TT,"2894616","13:25:06.43"
"3038" TT,"76089",""
"3040" TT,"57078",""
"3041" TT,"2886508","13:29:22.94"
"3042" TT,"285271","13:29:26.96"
"3044" TT,"627280","13:22:31.85"
"3045" TT,"539581","13:29:11.77"
"3047" TT,"111964",""
"3048" TT,"178629","13:25:00.75"
"3050" TT,"141302",""
"3052" TT,"58998",""
"3054" TT,"37604","13:25:00.77"
"3055" TT,"197360","09:27:23.37"
"3056" TT,"160953","13:23:50.88"
"3057" TT,"167529","13:24:13.02"
"3058" TT,"96876","09:01:20.13"
"3059" TT,"3495159","13:29:14.78"
"3060" TT,"262094","13:29:25.73"
"3062" TT,"370953","13:29:08.24"
"3064" TT,"0",""
"3066" TT,"0",""
"3068" TT,"272036","13:29:29.63"
"3073" TT,"0",""
"3078" TT,"417534","13:24:54.04"
"3081" TT,"503483","13:32:07.62"
"3083" TT,"99191",""
"3085" TT,"0",""
"3086" TT,"0",""
"3088" TT,"146043","13:25:00.64"
"3089" TT,"0",""
"3090" TT,"113194",""
"3092" TT,"824507","13:24:47.22"
"3093" TT,"1086",""
"3094" TT,"202251","13:25:00.81"
"3095" TT,"0",""
"3105" TT,"990689","13:29:18.66"
"3114" TT,"489089",""
"3118" TT,"10604",""
"3122" TT,"40756",""
"3128" TT,"24706",""
"3130" TT,"11452",""
"3131" TT,"164628",""
"3141" TT,"187668","13:24:48.22"
"3144" TT,"533503","13:24:24.05"
"3149" TT,"237458",""
"3152" TT,"84587","13:25:39.48"
"3162" TT,"0",""
"3163" TT,"207110",""
"3164" TT,"17133","13:23:30.92"
"3167" TT,"765081","13:24:36.50"
"3169" TT,"214974",""
"3171" TT,"3063",""
"3188" TT,"0",""
"3189" TT,"1200514","13:29:00.91"
"3191" TT,"0",""
"3202" TT,"296084",""
"3205" TT,"158873",""
"3206" TT,"99321",""
"3207" TT,"0",""
"3209" TT,"180516",""
"3211" TT,"94412",""
"3213" TT,"225446","13:24:58.15"
"3217" TT,"177780","13:24:21.40"
"3218" TT,"197969",""
"3221" TT,"42527",""
"3224" TT,"102355","13:24:32.56"
"3226" TT,"4012",""
"3227" TT,"2886274","13:24:13.43"
"3230" TT,"33984",""
"3231" TT,"2526080","13:29:25.91"
"3232" TT,"108401",""
"3234" TT,"275148","13:24:54.27"
"3236" TT,"615633","13:24:35.46"
"3252" TT,"39631",""
"3257" TT,"139791","13:23:34.85"
"3259" TT,"0",""
"3260" TT,"1709508","13:29:23.16"
"3264" TT,"792340","13:29:21.74"
"3265" TT,"78910",""
"3266" TT,"12884",""
"3272" TT,"462952","13:25:05.18"
"3276" TT,"166066",""
"3284" TT,"28432",""
"3285" TT,"84233",""
"3287" TT,"0",""
"3288" TT,"0",""
"3289" TT,"423373","13:24:59.85"
"3290" TT,"46006",""
"3293" TT,"338738","13:29:27.84"
"3294" TT,"241601",""
"3296" TT,"282244",""
"3297" TT,"26091",""
"3299" TT,"194868","13:24:36.08"
"3303" TT,"55976",""
"3305" TT,"73625","13:25:00.87"
"3306" TT,"54525",""
"3308" TT,"76496",""
"3310" TT,"57398",""
"3311" TT,"896593","13:24:25.12"
"3312" TT,"92252",""
"3313" TT,"110929",""
"3315" TT,"45339",""
"3317" TT,"306722",""
"3321" TT,"235194","09:01:20.08"
"3322" TT,"12648",""
"3323" TT,"1832033","13:24:14.05"
"3324" TT,"928080","09:26:00.21"
"3325" TT,"253205",""
"3332" TT,"7288",""
"3338" TT,"46985",""
"3339" TT,"0",""
"3346" TT,"324746","13:29:16.23"
"3354" TT,"10259",""
"3356" TT,"33816","13:24:14.32"
"3360" TT,"266508",""
"3362" TT,"3383188","13:29:25.54"
"3363" TT,"197254","11:18:03.14"
"3372" TT,"0",""
"3373" TT,"23958",""
"3374" TT,"2955267","13:23:27.57"
"3376" TT,"366803","13:24:45.21"
"3379" TT,"57116",""
"3380" TT,"1431905","13:29:35.38"
"3383" TT,"55513",""
"3388" TT,"17783",""
"3390" TT,"222309","13:24:44.30"
"3402" TT,"235158",""
"3406" TT,"2375293","13:23:23.62"
"3413" TT,"1316378","13:29:25.81"
"3416" TT,"24131","10:09:25.63"
"3419" TT,"201368",""
"3428" TT,"3129679","13:24:52.33"
"3431" TT,"0",""
"3432" TT,"68853",""
"3434" TT,"3510",""
"3437" TT,"1356532",""
"3438" TT,"157557",""
"3441" TT,"2223405",""
"3443" TT,"1960636","13:32:11.45"
"3444" TT,"14251",""
"3450" TT,"515307","13:29:01.03"
"3452" TT,"0",""
"3454" TT,"455341","13:29:08.71"
"3455" TT,"447071","13:24:59.04"
"3466" TT,"4556",""
"3479" TT,"61689",""
"3481" TT,"619","08:57:28.04"
"3483" TT,"90121",""
"3484" TT,"114213",""
"3489" TT,"10241",""
"3490" TT,"113734","13:24:54.30"
"3491" TT,"388484","13:24:36.27"
"3492" TT,"247938",""
"3494" TT,"131119","13:23:37.52"
"3498" TT,"651766",""
"3499" TT,"384972",""
"3501" TT,"98203","13:24:15.12"
"3504" TT,"1534959","13:29:43.87"
"3508" TT,"260147",""
"3511" TT,"15570",""
"3512" TT,"427995",""
"3514" TT,"430","13:12:48.95"
"3515" TT,"673390","13:24:02.31"
"3516" TT,"35984",""
"3518" TT,"19555",""
"3519" TT,"4",""
"3520" TT,"0",""
"3521" TT,"0",""
"3522" TT,"115851","13:24:43.59"
"3523" TT,"0",""
"3526" TT,"520174","13:24:52.34"
"3527" TT,"125774","13:29:18.16"
"3528" TT,"110735",""
"3529" TT,"77544","13:27:56.63"
"3531" TT,"65836",""
"3532" TT,"690920","11:53:16.91"
"3533" TT,"764147","13:24:18.71"
"3535" TT,"300429",""
"3537" TT,"68966",""
"3540" TT,"191101",""
"3541" TT,"120122","13:24:16.17"
"3545" TT,"1973756","09:46:33.88"
"3546" TT,"147725","13:29:16.11"
"3548" TT,"178044","13:24:32.45"
"3550" TT,"48843","13:25:00.99"
"3551" TT,"144971",""
"3552" TT,"972947",""
"3553" TT,"0",""
"3555" TT,"15648",""
"3556" TT,"106056","13:29:18.40"
"3558" TT,"90962","13:29:13.77"
"3561" TT,"601490","13:29:16.58"
"3563" TT,"640961","13:24:35.21"
"3564" TT,"11154",""
"3567" TT,"56035",""
"3576" TT,"135833","13:29:20.25"
"3577" TT,"8895",""
"3579" TT,"244509","09:27:23.38"
"3580" TT,"0",""
"3581" TT,"77577",""
"3583" TT,"94587","13:25:01.02"
"3587" TT,"105006","13:29:27.01"
"3588" TT,"43496",""
"3591" TT,"118514","13:24:11.71"
"3594" TT,"151595",""
"3596" TT,"860437","13:24:54.38"
"3605" TT,"216738","13:25:01.04"
"3607" TT,"32292","13:25:05.16"
"3609" TT,"6541",""
"3611" TT,"30554","13:24:31.44"
"3615" TT,"179097",""
"3617" TT,"47169","13:24:10.86"
"3622" TT,"518792","13:15:24.39"
"3623" TT,"40547",""
"3624" TT,"36439",""
"3625" TT,"929475","13:24:57.54"
"3628" TT,"15389",""
"3630" TT,"2189848",""
"3631" TT,"14610",""
"3632" TT,"58767",""
"3642" TT,"53090",""
"3645" TT,"504558","13:29:16.00"
"3646" TT,"19823",""
"3652" TT,"18243",""
"3653" TT,"358308","13:24:24.92"
"3661" TT,"2069599","13:24:58.55"
"3663" TT,"14798",""
"3664" TT,"72394",""
"3665" TT,"798192","13:29:14.92"
"3666" TT,"221117",""
"3669" TT,"18522",""
"3672" TT,"18888",""
"3673" TT,"6257592","13:29:16.23"
"3675" TT,"152921",""
"3679" TT,"62046",""
"3680" TT,"63792",""
"3682" TT,"1715632",""
"3685" TT,"13563",""
"3686" TT,"303352",""
"3687" TT,"31052",""
"3689" TT,"597100","13:24:55.26"
"3691" TT,"221219","13:29:26.50"
"3693" TT,"26963",""
"3694" TT,"364290",""
"3698" TT,"327238","13:24:36.06"
"3702" TT,"1971878","13:29:01.09"
"3703" TT,"230020","13:23:36.62"
"3704" TT,"46693","13:29:08.01"
"3705" TT,"74423","13:29:23.00"
"3706" TT,"730146","13:29:00.83"
"3707" TT,"1674740","13:25:05.25"
"3708" TT,"306184",""
"4102" TT,"13513",""
"4103" TT,"13286",""
"4104" TT,"90650","13:24:07.28"
"4105" TT,"313415","13:26:00.21"
"4106" TT,"34437",""
"4107" TT,"197465","13:29:14.79"
"4108" TT,"121554","13:25:05.16"
"4109" TT,"48567",""
"4111" TT,"41696",""
"4113" TT,"76505",""
"4114" TT,"147215","13:24:54.13"
"4116" TT,"17834",""
"4119" TT,"60850","13:24:54.11"
"4120" TT,"55954",""
"4121" TT,"65629",""
"4123" TT,"79069","13:29:24.88"
"4126" TT,"42792",""
"4127" TT,"47375",""
"4128" TT,"209563","13:19:11.27"
"4129" TT,"149760","13:29:19.99"
"4130" TT,"125298","13:24:21.60"
"4133" TT,"65272",""
"4137" TT,"204607","13:24:14.13"
"4138" TT,"15844",""
"4141" TT,"54505","13:24:13.09"
"4142" TT,"104873","13:24:05.23"
"4144" TT,"33238","13:24:08.36"
"4147" TT,"611385","13:25:03.57"
"4153" TT,"21898",""
"4161" TT,"42888",""
"4162" TT,"401708","13:29:15.99"
"4163" TT,"47897","08:53:58.96"
"4164" TT,"59004","09:01:19.84"
"4167" TT,"142654",""
"4173" TT,"94302",""
"4174" TT,"416733","13:29:25.16"
"4175" TT,"9227",""
"4180" TT,"39496","13:29:15.92"
"4190" TT,"43458",""
"4205" TT,"37993","13:23:43.55"
"4207" TT,"52165",""
"4303" TT,"54159",""
"4304" TT,"0",""
"4305" TT,"2639",""
"4306" TT,"76657","13:24:00.24"
"4401" TT,"36760","11:02:09.72"
"4406" TT,"6350",""
"4413" TT,"0",""
"4414" TT,"556794","13:24:32.07"
"4416" TT,"1044",""
"4417" TT,"89290",""
"4420" TT,"20285",""
"4426" TT,"178090","13:24:03.05"
"4429" TT,"5420",""
"4430" TT,"6856",""
"4432" TT,"14087",""
"4433" TT,"5594",""
"4438" TT,"50663","13:29:09.01"
"4502" TT,"265380",""
"4506" TT,"43490",""
"4510" TT,"304718",""
"4513" TT,"93420",""
"4523" TT,"23234",""
"4526" TT,"49161","13:23:56.99"
"4527" TT,"23204",""
"4528" TT,"323220","13:24:23.35"
"4529" TT,"368156","13:24:28.37"
"4530" TT,"0",""
"4532" TT,"692229","13:24:48.13"
"4533" TT,"163521",""
"4534" TT,"153399",""
"4535" TT,"10386",""
"4536" TT,"6292","13:23:05.08"
"4541" TT,"20515",""
"4543" TT,"7470",""
"4545" TT,"22107",""
"4549" TT,"23825",""
"4550" TT,"12193",""
"4551" TT,"178499","13:25:03.90"
"4552" TT,"442331",""
"4555" TT,"9556",""
"4556" TT,"2933",""
"4557" TT,"68965",""
"4609" TT,"0",""
"4706" TT,"9944",""
"4707" TT,"88440",""
"4711" TT,"21378",""
"4712" TT,"0",""
"4714" TT,"693926",""
"4716" TT,"62504",""
"4720" TT,"12007",""
"4721" TT,"3762477",""
"4722" TT,"48101",""
"4725" TT,"123722","13:24:01.25"
"4728" TT,"45661",""
"4735" TT,"129326",""
"4736" TT,"79764","13:28:52.73"
"4737" TT,"19537",""
"4739" TT,"1845330","13:24:03.19"
"4743" TT,"117523",""
"4745" TT,"33139",""
"4746" TT,"71695","13:29:16.62"
"4747" TT,"8363",""
"4755" TT,"47446",""
"4763" TT,"37358","13:24:49.45"
"4803" TT,"93058",""
"4804" TT,"86821","09:01:00.40"
"4806" TT,"219278","13:24:56.92"
"4903" TT,"822072",""
"4904" TT,"643642","13:25:01.18"
"4905" TT,"40502",""
"4906" TT,"862","13:29:01.29"
"4907" TT,"6688",""
"4908" TT,"53868",""
"4909" TT,"39526",""
"4912" TT,"75846","13:24:27.42"
"4915" TT,"797662","13:29:01.93"
"4916" TT,"324293","13:24:36.32"
"4919" TT,"1263512","13:24:46.04"
"4924" TT,"0",""
"4927" TT,"11","10:36:55.84"
"4930" TT,"42356",""
"4933" TT,"29700",""
"4934" TT,"469570","13:29:15.92"
"4935" TT,"183628","13:24:35.12"
"4938" TT,"1512176","13:29:11.43"
"4939" TT,"925421","13:24:35.10"
"4942" TT,"29793",""
"4943" TT,"840042",""
"4944" TT,"85177",""
"4947" TT,"292119",""
"4952" TT,"111718","13:29:05.71"
"4953" TT,"34600",""
"4956" TT,"406512","13:24:53.44"
"4958" TT,"1092719","13:29:24.08"
"4960" TT,"1497863",""
"4966" TT,"440649",""
"4968" TT,"690144","13:24:43.21"
"4971" TT,"118111","09:57:02.24"
"4972" TT,"12822",""
"4973" TT,"52593",""
"4974" TT,"467074",""
"4976" TT,"2447411","09:27:23.14"
"4977" TT,"465117","13:28:52.61"
"4979" TT,"157778","13:25:05.11"
"4984" TT,"127192","13:24:49.47"
"4991" TT,"579564",""
"4994" TT,"21873",""
"4995" TT,"12126",""
"4999" TT,"60022",""
"5007" TT,"89655","13:29:06.72"
"5009" TT,"330327","13:29:18.71"
"5011" TT,"1890",""
"5013" TT,"38260",""
"5014" TT,"1883851","13:29:06.72"
"5015" TT,"53234",""
"5016" TT,"12478",""
"5102" TT,"27178",""
"5201" TT,"91580",""
"5202" TT,"0",""
"5203" TT,"21468",""
"5206" TT,"10042",""
"5210" TT,"49298",""
"5211" TT,"14076",""
"5212" TT,"0",""
"5213" TT,"138766","13:23:36.31"
"5215" TT,"25310","13:25:01.32"
"5225" TT,"60459",""
"5230" TT,"206701","12:41:15.64"
"5234" TT,"76059",""
"5243" TT,"905709","13:24:45.41"
"5245" TT,"126942","13:24:49.36"
"5251" TT,"72253",""
"5255" TT,"650700",""
"5258" TT,"49452",""
"5263" TT,"137197",""
"5264" TT,"888035","14:53:49.76"
"5269" TT,"451476","13:25:02.41"
"5272" TT,"118843",""
"5274" TT,"47865","12:04:36.68"
"5281" TT,"30426",""
"5284" TT,"29685",""
"5285" TT,"153653",""
"5287" TT,"33861",""
"5288" TT,"58922","13:24:37.23"
"5289" TT,"681600","13:27:07.97"
"5291" TT,"94092",""
"5301" TT,"23752",""
"5302" TT,"66642",""
"5304" TT,"0",""
"5305" TT,"475384","12:59:20.20"
"5306" TT,"64655","13:24:43.23"
"5309" TT,"110741",""
"5310" TT,"22883",""
"5312" TT,"8154",""
"5314" TT,"0",""
"5315" TT,"160939",""
"5317" TT,"120697",""
"5321" TT,"2691",""
"5324" TT,"0",""
"5328" TT,"141320",""
"5340" TT,"0",""
"5344" TT,"0",""
"5345" TT,"0",""
"5347" TT,"513253","13:29:24.77"
"5349" TT,"223121","13:29:24.96"
"5351" TT,"226888",""
"5353" TT,"21028",""
"5355" TT,"74292",""
"5356" TT,"76453",""
"5371" TT,"342412","13:24:37.13"
"5381" TT,"0",""
"5383" TT,"0",""
"5386" TT,"25473",""
"5388" TT,"266411","13:29:41.13"
"5392" TT,"196176","13:29:25.45"
"5398" TT,"15183",""
"5403" TT,"85897",""
"5410" TT,"69123",""
"5425" TT,"578155","13:29:20.73"
"5426" TT,"82723",""
"5432" TT,"984",""
"5434" TT,"144670","13:29:24.95"
"5438" TT,"103060",""
"5439" TT,"219451",""
"5443" TT,"412751","13:29:12.85"
"5450" TT,"0",""
"5452" TT,"65531",""
"5455" TT,"0",""
"5457" TT,"1535015","13:28:10.82"
"5460" TT,"42380",""
"5464" TT,"22520",""
"5465" TT,"285110",""
"5468" TT,"0",""
"5469" TT,"584290","13:24:42.37"
"5471" TT,"134598","13:29:24.70"
"5474" TT,"54839",""
"5475" TT,"0",""
"5478" TT,"100649","13:29:08.35"
"5480" TT,"80898",""
"5481" TT,"46153",""
"5483" TT,"4719285","13:29:17.95"
"5487" TT,"8712",""
"5488" TT,"99333",""
"5489" TT,"20278",""
"5490" TT,"181348","13:29:27.62"
"5491" TT,"233733",""
"5493" TT,"9385",""
"5498" TT,"177560",""
"5508" TT,"89507",""
"5512" TT,"373410",""
"5514" TT,"9935",""
"5515" TT,"38718","13:24:16.26"
"5516" TT,"3590",""
"5519" TT,"30882",""
"5520" TT,"2260",""
"5521" TT,"315847","13:19:33.97"
"5522" TT,"313241","13:24:52.34"
"5523" TT,"13373",""
"5525" TT,"12768","13:23:54.23"
"5529" TT,"0",""
"5530" TT,"461660","13:29:16.94"
"5531" TT,"81512","13:23:51.51"
"5533" TT,"101860",""
"5534" TT,"283838","13:29:16.58"
"5536" TT,"286380","13:32:06.14"
"5538" TT,"9279",""
"5603" TT,"37068",""
"5604" TT,"3070",""
"5607" TT,"104201",""
"5608" TT,"129825","13:24:18.85"
"5609" TT,"150005",""
"5701" TT,"0",""
"5703" TT,"16050",""
"5704" TT,"1386",""
"5706" TT,"14271",""
"5820" TT,"368699","13:23:57.19"
"5871" TT,"731617","13:29:24.27"
"5880" TT,"3794410","13:24:49.06"
"5902" TT,"0",""
"5903" TT,"6478","13:29:07.23"
"5904" TT,"16782",""
"5905" TT,"70148",""
"5907" TT,"82813","13:24:17.83"
"6005" TT,"410138","13:25:05.17"
"6015" TT,"151278",""
"6016" TT,"316188",""
"6020" TT,"11954",""
"6021" TT,"88054",""
"6023" TT,"20858",""
"6024" TT,"106392","13:24:04.33"
"6026" TT,"315105",""
"6101" TT,"0",""
"6103" TT,"0",""
"6104" TT,"177601",""
"6105" TT,"318511",""
"6107" TT,"470277",""
"6108" TT,"699106","13:24:32.06"
"6109" TT,"12007",""
"6111" TT,"387683","13:25:03.53"
"6112" TT,"64434",""
"6113" TT,"17076",""
"6114" TT,"75025",""
"6115" TT,"32643","13:24:07.06"
"6116" TT,"29054897",""
"6117" TT,"9608",""
"6118" TT,"63761",""
"6120" TT,"380642","11:33:46.10"
"6121" TT,"530587",""
"6122" TT,"191416",""
"6123" TT,"220841",""
"6124" TT,"1620",""
"6125" TT,"80386",""
"6126" TT,"189987",""
"6127" TT,"654014",""
"6128" TT,"22516",""
"6129" TT,"106213",""
"6133" TT,"88334",""
"6134" TT,"0",""
"6136" TT,"35487","13:25:01.43"
"6138" TT,"992172",""
"6139" TT,"835213","13:29:23.28"
"6140" TT,"2059",""
"6141" TT,"879155","13:25:01.46"
"6142" TT,"554314","09:32:25.49"
"6143" TT,"248005","13:29:04.89"
"6144" TT,"0",""
"6145" TT,"508613","13:29:11.77"
"6146" TT,"72549","13:29:27.84"
"6147" TT,"2730592","13:24:09.10"
"6148" TT,"27776",""
"6150" TT,"0",""
"6151" TT,"54925",""
"6152" TT,"77303","09:27:23.33"
"6153" TT,"363409","13:29:23.95"
"6154" TT,"6840",""
"6155" TT,"69319",""
"6156" TT,"242067","13:24:51.17"
"6158" TT,"127177",""
"6160" TT,"38715",""
"6161" TT,"226891",""
"6163" TT,"73203",""
"6164" TT,"61233","12:53:20.87"
"6166" TT,"173324","13:24:11.98"
"6167" TT,"0",""
"6168" TT,"557855","09:27:23.34"
"6170" TT,"137893",""
"6171" TT,"11721",""
"6173" TT,"1338486","10:55:06.80"
"6174" TT,"5992",""
"6175" TT,"467034",""
"6176" TT,"1353691","13:29:33.60"
"6177" TT,"257384",""
"6179" TT,"25566",""
"6180" TT,"113943","13:27:49.07"
"6182" TT,"6820577","13:29:02.35"
"6183" TT,"13666",""
"6184" TT,"30751","13:24:07.35"
"6185" TT,"128772",""
"6186" TT,"29458",""
"6187" TT,"127855","13:28:00.77"
"6188" TT,"835886","13:29:26.80"
"6189" TT,"120837",""
"6190" TT,"583570","13:24:46.33"
"6191" TT,"681715","13:29:05.96"
"6194" TT,"27472",""
"6195" TT,"33528",""
"6196" TT,"476824","13:24:33.09"
"6197" TT,"165350","13:29:23.81"
"6201" TT,"35870",""
"6202" TT,"251618","13:29:09.79"
"6203" TT,"10779",""
"6204" TT,"19046",""
"6205" TT,"146393","09:29:34.69"
"6206" TT,"62164","13:29:11.67"
"6207" TT,"242057","13:24:27.34"
"6208" TT,"833043",""
"6209" TT,"3152738","13:00:45.94"
"6210" TT,"55904",""
"6212" TT,"1231",""
"6213" TT,"838044","13:29:14.79"
"6214" TT,"132048","13:29:08.97"
"6215" TT,"859911","13:24:12.52"
"6216" TT,"57452",""
"6217" TT,"255586",""
"6218" TT,"41742",""
"6220" TT,"1399692","13:29:20.71"
"6221" TT,"12969",""
"6222" TT,"0",""
"6223" TT,"237866","13:29:16.23"
"6224" TT,"106439","13:24:46.60"
"6226" TT,"251328","11:27:40.56"
"6227" TT,"23175",""
"6228" TT,"0",""
"6229" TT,"73882",""
"6230" TT,"170058","13:29:16.27"
"6231" TT,"366065",""
"6233" TT,"128133",""
"6234" TT,"85339",""
"6235" TT,"324337","13:25:01.62"
"6237" TT,"72676",""
"6238" TT,"366625","13:24:33.07"
"6239" TT,"960422","13:24:24.56"
"6240" TT,"447",""
"6241" TT,"0",""
"6244" TT,"258",""
"6245" TT,"151418","13:29:22.65"
"6246" TT,"5356",""
"6248" TT,"1189",""
"6251" TT,"1527342","13:29:10.90"
"6257" TT,"365933","13:29:19.94"
"6261" TT,"591444","13:29:04.89"
"6263" TT,"56093",""
"6264" TT,"0",""
"6265" TT,"169017",""
"6266" TT,"118781",""
"6269" TT,"2013184","13:25:23.79"
"6270" TT,"37540",""
"6271" TT,"285396","13:32:07.26"
"6274" TT,"1681979","13:24:48.69"
"6275" TT,"831158",""
"6276" TT,"92056",""
"6277" TT,"55159","13:29:18.05"
"6278" TT,"86933","13:29:14.68"
"6279" TT,"120744","13:29:24.68"
"6281" TT,"14252","13:23:47.55"
"6282" TT,"714765","13:29:04.82"
"6283" TT,"381289","13:17:44.51"
"6284" TT,"580083","13:24:56.51"
"6285" TT,"819265","13:27:01.03"
"6287" TT,"0",""
"6290" TT,"844269",""
"6291" TT,"0",""
"6292" TT,"60398",""
"6294" TT,"33751",""
"6298" TT,"238811",""
"6404" TT,"141921",""
"6405" TT,"141832","09:27:23.31"
"6409" TT,"24070",""
"6411" TT,"733638","13:29:16.17"
"6412" TT,"252857","13:19:30.13"
"6414" TT,"325663","13:29:03.27"
"6415" TT,"52168","13:32:09.11"
"6417" TT,"22055",""
"6422" TT,"166705","13:09:39.77"
"6426" TT,"752597",""
"6431" TT,"69820",""
"6432" TT,"21061",""
"6435" TT,"970736",""
"6438" TT,"782225",""
"6442" TT,"226508","09:27:23.33"
"6443" TT,"562371",""
"6449" TT,"233753","13:24:33.19"
"6451" TT,"840","12:48:31.61"
"6452" TT,"71334","13:25:23.86"
"6456" TT,"3985491","13:23:07.01"
"6462" TT,"986482",""
"6464" TT,"4282",""
"6470" TT,"130776",""
"6477" TT,"14525",""
"6485" TT,"92406",""
"6486" TT,"374948",""
"6488" TT,"1768266","13:25:03.18"
"6496" TT,"43701",""
"6504" TT,"28915",""
"6505" TT,"574361","13:29:19.99"
"6506" TT,"56048",""
"6508" TT,"25416",""
"6509" TT,"374444",""
"6510" TT,"108593",""
"6523" TT,"13560",""
"6525" TT,"331720","09:45:31.86"
"6531" TT,"101591",""
"6532" TT,"196178",""
"6538" TT,"7358",""
"6542" TT,"25184",""
"6548" TT,"28023",""
"6552" TT,"299753","13:29:14.35"
"6554" TT,"376868",""
"6568" TT,"221379",""
"6569" TT,"36266",""
"6603" TT,"119943",""
"6605" TT,"22261","13:29:05.75"
"6609" TT,"32281",""
"6803" TT,"26277","13:23:37.76"
"8011" TT,"498023","13:29:04.99"
"8016" TT,"383985","13:29:23.93"
"8021" TT,"251003","13:25:01.79"
"8024" TT,"28998",""
"8027" TT,"181063","13:24:49.45"
"8032" TT,"6029",""
"8034" TT,"0",""
"8038" TT,"275296","09:30:04.38"
"8039" TT,"1015231","13:29:30.60"
"8040" TT,"0",""
"8042" TT,"218557","13:24:44.35"
"8043" TT,"30517",""
"8044" TT,"232311","13:29:25.80"
"8046" TT,"181321","13:24:03.55"
"8047" TT,"3952",""
"8048" TT,"23537",""
"8049" TT,"741465",""
"8050" TT,"119467","13:24:59.15"
"8054" TT,"228730","13:24:52.22"
"8059" TT,"81021",""
"8064" TT,"781156","13:24:41.12"
"8066" TT,"61492",""
"8068" TT,"0",""
"8069" TT,"3638295","13:20:05.88"
"8070" TT,"102006","13:24:26.49"
"8071" TT,"587944",""
"8074" TT,"45322",""
"8076" TT,"289135","13:29:21.85"
"8080" TT,"0",""
"8081" TT,"67076","13:28:53.85"
"8083" TT,"14102",""
"8085" TT,"0",""
"8086" TT,"1369328","13:29:14.40"
"8088" TT,"97078",""
"8091" TT,"276094","13:24:48.25"
"8093" TT,"0",""
"8096" TT,"312096",""
"8097" TT,"5615",""
"8099" TT,"55831",""
"8103" TT,"102336",""
"8105" TT,"3305145","13:24:38.17"
"8107" TT,"507652","10:18:50.70"
"8109" TT,"16440",""
"8110" TT,"639036","13:26:04.85"
"8111" TT,"0",""
"8112" TT,"3158258","13:25:30.66"
"8114" TT,"52227","13:23:42.43"
"8121" TT,"0",""
"8131" TT,"240927","13:25:01.86"
"8147" TT,"9541",""
"8150" TT,"1379752","13:25:36.79"
"8155" TT,"323585",""
"8163" TT,"329150",""
"8171" TT,"25883",""
"8176" TT,"121471",""
"8182" TT,"168764",""
"8183" TT,"795753","13:24:25.48"
"8201" TT,"148503",""
"8210" TT,"67555","13:24:15.06"
"8213" TT,"146657","13:29:24.74"
"8215" TT,"483410","13:24:43.21"
"8222" TT,"73337",""
"8234" TT,"85900",""
"8240" TT,"13257",""
"8249" TT,"220439","09:27:23.24"
"8255" TT,"60738",""
"8261" TT,"175098",""
"8271" TT,"267539","13:25:01.93"
"8277" TT,"120431",""
"8287" TT,"238011",""
"8289" TT,"28523",""
"8299" TT,"620344","13:24:15.28"
"8341" TT,"148421","13:24:49.47"
"8349" TT,"169124","13:24:52.43"
"8354" TT,"21055",""
"8358" TT,"5341007",""
"8374" TT,"1173399","13:24:41.20"
"8383" TT,"432359","13:24:43.23"
"8390" TT,"94224",""
"8401" TT,"94184",""
"8403" TT,"117433",""
"8404" TT,"335751","13:29:20.84"
"8406" TT,"242753","13:29:08.72"
"8410" TT,"46044",""
"8411" TT,"57792","13:24:19.27"
"8415" TT,"51646",""
"8418" TT,"10946",""
"8420" TT,"7221",""
"8421" TT,"21834",""
"8422" TT,"39284","13:29:19.81"
"8424" TT,"13954",""
"8426" TT,"7947",""
"8427" TT,"4720",""
"8429" TT,"273554","13:23:53.66"
"8431" TT,"45011",""
"8432" TT,"14728",""
"8433" TT,"50794",""
"8435" TT,"34262",""
"8436" TT,"263887","13:25:54.61"
"8437" TT,"9591",""
"8442" TT,"4500",""
"8443" TT,"26695",""
"8444" TT,"10360",""
"8446" TT,"34434",""
"8450" TT,"21771",""
"8454" TT,"24876","13:29:02.32"
"8462" TT,"93528",""
"8463" TT,"24992",""
"8464" TT,"177720","13:24:00.21"
"8466" TT,"34202",""
"8467" TT,"2000",""
"8473" TT,"57098","13:29:26.83"
"8480" TT,"12740",""
"8488" TT,"2662",""
"8489" TT,"61881",""
"8905" TT,"102327",""
"8906" TT,"0",""
"8908" TT,"1947",""
"8913" TT,"0",""
"8916" TT,"148408","13:24:52.04"
"8917" TT,"526",""
"8923" TT,"1864",""
"8924" TT,"520512","11:25:40.25"
"8926" TT,"195096","13:29:17.94"
"8927" TT,"84957",""
"8928" TT,"59995",""
"8929" TT,"515499",""
"8930" TT,"45630",""
"8931" TT,"9676",""
"8933" TT,"210976",""
"8935" TT,"0",""
"8936" TT,"275112","13:24:21.09"
"8937" TT,"33996",""
"8938" TT,"372912","13:29:04.93"
"8940" TT,"6019",""
"8941" TT,"11015",""
"8942" TT,"113550","13:29:02.86"
"8996" TT,"77443","13:24:24.19"
"9103" TT,"73587",""
"9105" TT,"497506",""
"911616" TT,"254850",""
"9136" TT,"256285","11:19:36.35"
"9802" TT,"199994","13:24:37.35"
"9902" TT,"73512",""
"9904" TT,"880216","13:24:25.52"
"9905" TT,"54624",""
"9906" TT,"31035",""
"9907" TT,"213777","13:28:00.48"
"9908" TT,"25528","13:23:43.07"
"9910" TT,"304829","13:29:22.86"
"9911" TT,"227360",""
"9912" TT,"76412",""
"9914" TT,"2499","13:32:51.96"
"9917" TT,"52288","13:29:01.77"
"9918" TT,"2359",""
"9919" TT,"74247",""
"9921" TT,"134366","13:29:27.90"
"9924" TT,"110577",""
"9925" TT,"68144","13:23:52.46"
"9926" TT,"1886",""
"9927" TT,"172117","13:24:31.08"
"9930" TT,"14145","13:23:41.75"
"9931" TT,"633",""
"9933" TT,"303071","13:29:08.02"
"9934" TT,"1029576","13:29:10.64"
"9937" TT,"9598",""
"9938" TT,"188841","13:32:52.81"
"9939" TT,"374762","13:29:02.66"
"9940" TT,"82808","13:24:05.89"
"9941" TT,"354398","13:29:22.85"
"9942" TT,"25186","13:24:01.09"
"9943" TT,"54231","13:24:00.44"
"9944" TT,"43465",""
"9945" TT,"618959","13:29:59.91"
"9946" TT,"31236",""
"9949" TT,"10890",""
"9950" TT,"16483",""
"9951" TT,"140660","13:29:13.87"
"9955" TT,"28485",""
"9958" TT,"49034",""
"9960" TT,"19446",""
"9962" TT,"45524",""
